{
  "Create Transaction Create Teleport" : {
    "transaction" : "Create Transaction Create Teleport",
    "sampleCount" : 30,
    "errorCount" : 0,
    "errorPct" : 0.0,
    "meanResTime" : 2370.8999999999996,
    "medianResTime" : 2368.5,
    "minResTime" : 2343.0,
    "maxResTime" : 2418.0,
    "pct1ResTime" : 2404.9,
    "pct2ResTime" : 2417.45,
    "pct3ResTime" : 2418.0,
    "throughput" : 12.244897959183673,
    "receivedKBytesPerSec" : 3.563456632653061,
    "sentKBytesPerSec" : 13.440688775510203
  },
  "Create Transaction Create Duplicata" : {
    "transaction" : "Create Transaction Create Duplicata",
    "sampleCount" : 30,
    "errorCount" : 30,
    "errorPct" : 100.0,
    "meanResTime" : 0.9000000000000001,
    "medianResTime" : 1.0,
    "minResTime" : 0.0,
    "maxResTime" : 4.0,
    "pct1ResTime" : 2.900000000000002,
    "pct2ResTime" : 3.4499999999999993,
    "pct3ResTime" : 4.0,
    "throughput" : 2307.6923076923076,
    "receivedKBytesPerSec" : 4719.050480769231,
    "sentKBytesPerSec" : 0.0
  },
  "Get Wallet By Address" : {
    "transaction" : "Get Wallet By Address",
    "sampleCount" : 30,
    "errorCount" : 0,
    "errorPct" : 0.0,
    "meanResTime" : 209.03333333333327,
    "medianResTime" : 204.0,
    "minResTime" : 196.0,
    "maxResTime" : 272.0,
    "pct1ResTime" : 218.9,
    "pct2ResTime" : 262.09999999999997,
    "pct3ResTime" : 272.0,
    "throughput" : 46.082949308755765,
    "receivedKBytesPerSec" : 21.736391129032256,
    "sentKBytesPerSec" : 26.01166474654378
  },
  "Total" : {
    "transaction" : "Total",
    "sampleCount" : 210,
    "errorCount" : 60,
    "errorPct" : 28.571428,
    "meanResTime" : 614.9142857142857,
    "medianResTime" : 318.5,
    "minResTime" : 0.0,
    "maxResTime" : 2418.0,
    "pct1ResTime" : 2352.0,
    "pct2ResTime" : 2382.45,
    "pct3ResTime" : 2415.68,
    "throughput" : 32.77665053847355,
    "receivedKBytesPerSec" : 24.72134359879819,
    "sentKBytesPerSec" : 17.814987513656938
  },
  "Create Wallet" : {
    "transaction" : "Create Wallet",
    "sampleCount" : 30,
    "errorCount" : 0,
    "errorPct" : 0.0,
    "meanResTime" : 367.46666666666664,
    "medianResTime" : 312.0,
    "minResTime" : 210.0,
    "maxResTime" : 580.0,
    "pct1ResTime" : 579.9,
    "pct2ResTime" : 580.0,
    "pct3ResTime" : 580.0,
    "throughput" : 41.32231404958678,
    "receivedKBytesPerSec" : 19.57160382231405,
    "sentKBytesPerSec" : 25.342200413223143
  },
  "Get Transaction Receipt Duplicata By Hash" : {
    "transaction" : "Get Transaction Receipt Duplicata By Hash",
    "sampleCount" : 30,
    "errorCount" : 30,
    "errorPct" : 100.0,
    "meanResTime" : 516.4666666666667,
    "medianResTime" : 524.0,
    "minResTime" : 467.0,
    "maxResTime" : 539.0,
    "pct1ResTime" : 536.8,
    "pct2ResTime" : 537.9,
    "pct3ResTime" : 539.0,
    "throughput" : 54.74452554744526,
    "receivedKBytesPerSec" : 23.521256272810216,
    "sentKBytesPerSec" : 29.831489507299267
  },
  "Get Transaction Receipt Teleport By Hash" : {
    "transaction" : "Get Transaction Receipt Teleport By Hash",
    "sampleCount" : 30,
    "errorCount" : 0,
    "errorPct" : 0.0,
    "meanResTime" : 295.5,
    "medianResTime" : 294.0,
    "minResTime" : 289.0,
    "maxResTime" : 318.0,
    "pct1ResTime" : 315.00000000000006,
    "pct2ResTime" : 317.45,
    "pct3ResTime" : 318.0,
    "throughput" : 91.46341463414635,
    "receivedKBytesPerSec" : 108.82717225609755,
    "sentKBytesPerSec" : 54.21708269817073
  },
  "Authorize" : {
    "transaction" : "Authorize",
    "sampleCount" : 30,
    "errorCount" : 0,
    "errorPct" : 0.0,
    "meanResTime" : 544.1333333333333,
    "medianResTime" : 489.0,
    "minResTime" : 391.0,
    "maxResTime" : 776.0,
    "pct1ResTime" : 776.0,
    "pct2ResTime" : 776.0,
    "pct3ResTime" : 776.0,
    "throughput" : 21.77068214804064,
    "receivedKBytesPerSec" : 8.249047532656023,
    "sentKBytesPerSec" : 8.525433145863571
  }
}